{
  "count": 59,
  "total_time_spent": 3605.0833333333335,
  "by_project": {
    "CHM": 3.0,
    "CPM": 24.0,
    "CSM": 4.0,
    "NBSSPORTAL": 164.0,
    "PSCPSC": 59.5,
    "TUDS": 3350.5833333333335
  },
  "task_statuses": {
    "Open": 43,
    "Review": 12,
    "Review Done": 3,
    "Reopened": 1
  },
  "sample_tasks": [
    "TUDS-2753",
    "TUDS-2737",
    "TUDS-2732",
    "TUDS-2684",
    "TUDS-2679",
    "TUDS-2616",
    "TUDS-2602",
    "TUDS-2578",
    "TUDS-2577",
    "TUDS-2573"
  ]
}