{
  "count": 236,
  "total_time_spent": 11217.056666666667,
  "by_project": {
    "APC": 110.5,
    "CHM": 107.75,
    "CPM": 515.9166666666666,
    "CSM": 513.5,
    "DMS": 1783.5,
    "GUS": 585.0,
    "LIS": 99.41666666666667,
    "NBSSPORTAL": 553.0,
    "NWMCCS": 267.4166666666667,
    "PASS": 28.5,
    "PIC": 204.5,
    "PSCPSC": 2039.3,
    "SSO": 110.75,
    "TUDS": 3677.2566666666667,
    "UDB": 122.0,
    "UMNP": 412.75,
    "UNIBLP": 86.0
  },
  "task_statuses": {
    "Open": 234,
    "Reopened": 2
  },
  "sample_tasks": [
    "LIS-13507",
    "LIS-13498",
    "LIS-13450",
    "LIS-13443",
    "LIS-13433",
    "LIS-13432",
    "LIS-13431",
    "LIS-13418",
    "LIS-13417",
    "LIS-13416"
  ]
}